tier,n_samples,baseline_rate,top_decile_rate,top_decile_lift
> $2B,1704,0.04107981220657277,0.11764705882352941,2.863865546218487
Unknown,35,0.08571428571428572,0.6666666666666666,7.777777777777778
