tier,n_samples,baseline_rate,top_decile_rate,top_decile_lift
Bleeding (Net Change < -5),1168,0.038527397260273974,0.13793103448275862,3.58007662835249
Declining (-5 to 0),78,0.0641025641025641,0.0,0.0
Stable (0),351,0.03418803418803419,0.05714285714285714,1.6714285714285713
Growing (1 to 5),37,0.08108108108108109,0.0,0.0
Strong Growth (>5),105,0.0761904761904762,0.1,1.3125
