{
  "train_auc_roc": 0.6865963665334051,
  "train_auc_pr": 0.056108981832746666,
  "train_lift_10": 2.509822749879629,
  "train_lift_5": 3.1884988932804155,
  "test_auc_roc": 0.5988588624111034,
  "test_auc_pr": 0.04323772079970412,
  "test_lift_10": 1.5089087631724902,
  "test_lift_5": 1.4544573643410852,
  "lift_gap": 1.0009139867071386,
  "auc_gap": 0.08773750412230163,
  "best_iteration": 70,
  "best_score": 0.6726324832107844,
  "scale_pos_weight": 40.99320882852292,
  "n_features": 14,
  "train_size": 24734,
  "test_size": 6004,
  "train_conv_rate": 0.023813374302579446,
  "test_conv_rate": 0.031978680879413725,
  "generated": "2025-12-24T14:46:55.687256"
}