{
  "objective": "binary:logistic",
  "eval_metric": "aucpr",
  "tree_method": "hist",
  "random_state": 42,
  "scale_pos_weight": 26.337188612099645,
  "max_depth": 5,
  "learning_rate": 0.020338842555587464,
  "n_estimators": 95,
  "subsample": 0.5800852529657444,
  "colsample_bytree": 0.6565646159723066,
  "gamma": 4.894634330450185,
  "reg_alpha": 7.412650920834468,
  "reg_lambda": 5.1159318279531245,
  "min_child_weight": 8
}